{
  "policies": {
    "NewTabPage": false,
    "DisplayMenuBar": true,
    "DisableFirefoxAccounts": true,
    "ExtensionSettings": {
      "uBlock0@raymondhill.net": {
        "install_url": "https://addons.mozilla.org/firefox/downloads/latest/ublock-origin/latest.xpi",
        "installation_mode": "normal_installed"
      },
      "jid1-MnnxcxisBPnSXQ@jetpack": {
        "install_url": "https://addons.mozilla.org/firefox/downloads/latest/privacy-badger17/latest.xpi",
        "installation_mode": "normal_installed"
      },
      "https-everywhere@eff.org": {
        "install_url": "https://addons.mozilla.org/firefox/downloads/latest/https-everywhere/latest.xpi",
        "installation_mode": "normal_installed"
      },
      "CanvasBlocker@kkapsner.net": {
        "install_url": "https://addons.mozilla.org/firefox/downloads/latest/canvasblocker/latest.xpi",
        "installation_mode": "normal_installed"
      },
      "TemporaryContainers@stoically": {
        "install_url": "https://addons.mozilla.org/firefox/downloads/latest/temporary-containers/latest.xpi",
        "installation_mode": "normal_installed"
      },
      "CookieAutoDelete@kennydo.com": {
        "install_url": "https://addons.mozilla.org/firefox/downloads/latest/cookie-autodelete/latest.xpi",
        "installation_mode": "normal_installed"
      },
      "Decentraleyes@ThomasRientjes": {
        "install_url": "https://addons.mozilla.org/firefox/downloads/latest/decentraleyes/latest.xpi",
        "installation_mode": "normal_installed"
      },
      "FirefoxMulti-AccountContainers@mozilla.org": {
        "install_url": "https://addons.mozilla.org/firefox/downloads/latest/multi-account-containers/latest.xpi",
        "installation_mode": "normal_installed"
      },
      "ClearURLs@kevinr": {
        "install_url": "https://addons.mozilla.org/firefox/downloads/latest/clearurls/latest.xpi",
        "installation_mode": "normal_installed"
      },
      "uMatrix@raymondhill.net": {
        "install_url": "https://addons.mozilla.org/firefox/downloads/latest/umatrix/latest.xpi",
        "installation_mode": "normal_installed"
      }
    },
    "NetworkPrediction": false,
    "CaptivePortal": false,
    "DNSOverHTTPS": {
      "Enabled": false
    },
    "DisableFirefoxStudies": true,
    "DisableTelemetry": true,
    "DisablePocket": true,
    "DisableFormHistory": true,
    "DisableAppUpdate": true
  }
}